{"class": "reservoir", "type": "test", "id": null, "origin": [0.0, 0.0], "rotation": 0.0, "electrodes": [{"id": "D", "polygon": [[-4.0, 12.5], [4.0, 12.5], [4.0, 5.787408], [0.0, 11.5], [-4.0, 5.787408], [-4.0, 12.5]], "origin": [0.0, 0.0], "anchor_pad": [-2.5625000001552216, 10.957678571713732]}, {"id": "C", "polygon": [[4.0, 5.787408], [4.0, 2.787408], [0.0, 8.5], [-4.0, 2.787408], [-4.0, 5.787408], [0.0, 11.5], [4.0, 5.787408]], "origin": [0.0, 0.0], "anchor_pad": [-0.07321428571872168, 9.822857143073563]}, {"id": "B", "polygon": [[-4.0, 2.787408], [0.0, 8.5], [4.0, 2.787408], [4.0, 2.5], [1.25, 2.5], [1.25, 3.714815], [0.0, 5.5], [-1.25, 3.714815], [-1.25, 2.5], [-4.0, 2.5], [-4.0, 2.787408]], "origin": [0.0, 0.0], "anchor_pad": [0.036607142859359953, 6.747857142887296]}, {"id": "A", "polygon": [[-1.25, 2.5], [-1.25, 3.714815], [0.0, 5.5], [1.25, 3.714815], [1.25, 2.5], [1.25, 0.0], [-1.25, 0.0], [-1.25, 2.5]], "origin": [0.0, 0.0], "anchor_pad": [-0.03660714285936173, 2.2085714283266196]}]}