{"class": "reservoir", "type": "chevron", "id": null, "origin": [0.0, 0.0], "rotation": 0.0, "electrodes": [{"id": "D", "polygon": [[-4.0, 12.5], [4.0, 12.5], [4.0, 5.787408], [2.409021, 8.059561], [2.53593, 8.575695], [1.479105, 8.69024], [1.732923, 9.722508], [0.676098, 9.837053], [0.929916, 10.869321], [0.401504, 10.926594], [0.0, 11.5], [-0.401504, 10.926594], [-0.929916, 10.869321], [-0.676098, 9.837053], [-1.732923, 9.722508], [-1.479105, 8.69024], [-2.53593, 8.575695], [-2.409021, 8.059561], [-4.0, 5.787408], [-4.0, 12.5]], "origin": [0.0, 0.0], "anchor_pad": [3.038392857326903, 9.6032142859174]}, {"id": "C", "polygon": [[4.0, 5.787408], [4.0, 2.787408], [2.409021, 5.059561], [2.53593, 5.575695], [1.479105, 5.69024], [1.732923, 6.722508], [0.676098, 6.837053], [0.929916, 7.869321], [0.401504, 7.926594], [0.0, 8.5], [-0.401504, 7.926594], [-0.929916, 7.869321], [-0.676098, 6.837053], [-1.732923, 6.722508], [-1.479105, 5.69024], [-2.53593, 5.575695], [-2.409021, 5.059561], [-4.0, 2.787408], [-4.0, 5.787408], [-2.409021, 8.059561], [-2.53593, 8.575695], [-1.479105, 8.69024], [-1.732923, 9.722508], [-0.676098, 9.837053], [-0.929916, 10.869321], [-0.401504, 10.926594], [0.0, 11.5], [0.401504, 10.926594], [0.929916, 10.869321], [0.676098, 9.837053], [1.732923, 9.722508], [1.479105, 8.69024], [2.53593, 8.575695], [2.409021, 8.059561], [4.0, 5.787408]], "origin": [0.0, 0.0], "anchor_pad": [3.1848214287643444, 5.97910714284073]}, {"id": "B", "polygon": [[-1.25, 2.5], [-4.0, 2.5], [-4.0, 2.787408], [-2.409021, 5.059561], [-2.53593, 5.575695], [-1.479105, 5.69024], [-1.732923, 6.722508], [-0.676098, 6.837053], [-0.929916, 7.869321], [-0.401504, 7.926594], [0.0, 8.5], [0.401504, 7.926594], [0.929916, 7.869321], [0.676098, 6.837053], [1.732923, 6.722508], [1.479105, 5.69024], [2.53593, 5.575695], [2.409021, 5.059561], [4.0, 2.787408], [4.0, 2.5], [1.25, 2.5], [1.25, 3.714815], [0.0, 5.5], [-1.25, 3.714815], [-1.25, 2.5]], "origin": [0.0, 0.0], "anchor_pad": [1.9035714286867336, 3.672857142701032]}, {"id": "A", "polygon": [[-1.25, 2.5], [-1.25, 3.714815], [0.0, 5.5], [1.25, 3.714815], [1.25, 2.5], [1.25, 0.0], [-1.25, 0.0], [-1.25, 2.5]], "origin": [0.0, 0.0], "anchor_pad": [0.2196428571561615, 1.9157142854517364]}]}