{"class": "reservoir", "type": "dispense2", "id": null, "origin": [0.0, 0.0], "rotation": 0.0, "electrodes": [{"id": "C", "polygon": [[-1.875, 3.75], [-2.5, 3.75], [-2.5, 13.0], [2.5, 13.0], [2.5, 3.75], [1.875, 3.75], [1.25, 3.75], [1.25, 6.25], [1.15, 6.25], [0.766667, 6.75], [0.383333, 6.25], [0.0, 6.75], [-0.383333, 6.25], [-0.766667, 6.75], [-1.15, 6.25], [-1.25, 6.25], [-1.25, 3.75], [-1.875, 3.75]], "origin": [0.0, 0.0], "anchor_pad": [0.0761904761949097, 9.60857142875237]}, {"id": "A", "polygon": [[-1.875, 3.75], [-1.25, 3.75], [-1.15, 3.75], [-0.766667, 3.25], [-0.383333, 3.75], [0.0, 3.25], [0.383333, 3.75], [0.766667, 3.25], [1.15, 3.75], [1.25, 3.75], [1.875, 3.75], [1.875, 0.0], [-1.875, 0.0], [-1.875, 3.75]], "origin": [0.0, 0.0], "anchor_pad": [0.03809523809745485, 1.4561904758968858]}, {"id": "B", "polygon": [[-1.25, 3.75], [-1.25, 6.25], [-1.15, 6.25], [-0.766667, 6.75], [-0.383333, 6.25], [0.0, 6.75], [0.383333, 6.25], [0.766667, 6.75], [1.15, 6.25], [1.25, 6.25], [1.25, 3.75], [1.15, 3.75], [0.766667, 3.25], [0.383333, 3.75], [0.0, 3.25], [-0.383333, 3.75], [-0.766667, 3.25], [-1.15, 3.75], [-1.25, 3.75]], "origin": [0.0, 0.0], "anchor_pad": [0.11428571429236634, 4.884761904667885]}]}